-- phpMyAdmin SQL Dump
-- version 4.0.10deb1
-- http://www.phpmyadmin.net
--
-- Host: localhost
-- Generation Time: Aug 12, 2015 at 04:12 PM
-- Server version: 5.5.44-0ubuntu0.14.04.1
-- PHP Version: 5.5.9-1ubuntu4.11

SET SQL_MODE = "NO_AUTO_VALUE_ON_ZERO";
SET time_zone = "+00:00";


/*!40101 SET @OLD_CHARACTER_SET_CLIENT=@@CHARACTER_SET_CLIENT */;
/*!40101 SET @OLD_CHARACTER_SET_RESULTS=@@CHARACTER_SET_RESULTS */;
/*!40101 SET @OLD_COLLATION_CONNECTION=@@COLLATION_CONNECTION */;
/*!40101 SET NAMES utf8 */;

--
-- Database: `bah`
--

-- --------------------------------------------------------

--
-- Table structure for table `blackcard`
--

CREATE TABLE IF NOT EXISTS `blackcard` (
  `id` int(11) NOT NULL AUTO_INCREMENT,
  `numOfBlanks` int(11) NOT NULL,
  `deDE` text NOT NULL,
  `enUS` text NOT NULL,
  PRIMARY KEY (`id`)
) ENGINE=InnoDB  DEFAULT CHARSET=utf8 AUTO_INCREMENT=46 ;

--
-- Dumping data for table `blackcard`
--

INSERT INTO `blackcard` (`id`, `numOfBlanks`, `deDE`, `enUS`) VALUES
(1, 1, 'Mein Name ist {BLANK}', 'My name is {BLANK}'),
(2, 1, '{BLANK}! Wem das nicht schmeckt, der Mäht auch Kunstrasen.', '{BLANK}! Who doesn''t like that, also maws artificial lawn.'),
(3, 2, 'Wie der {BLANK}, so der {BLANK}.', 'Like {BLANK}, like {BLANK}'),
(4, 2, 'Der {BLANK} fällt nicht weit vom {BLANK}.', 'He is a {BLANK} of the old {BLANK}.'),
(5, 1, 'Bellende {BLANK} beißen nicht.', 'Barking {BLANK} seldom bite.'),
(6, 1, '{BLANK} ist dicker als Wasser.', '{BLANK} is thicker than water.'),
(7, 1, 'Wer im Glashaus sitzt, sollte nicht mit {BLANK} werfen.', 'People in glass houses should not throw {BLANK}.'),
(8, 1, 'Einem geschenkten Gaul schaut man nicht ins {BLANK}.', 'You can''t examine the {BLANK} of a gift horse.'),
(9, 1, 'Ein {BLANK} in der Hand ist besser als die Taube auf dem Dach.', 'A {BLANK} in the hand is worth two in the bush.'),
(10, 2, 'Wenn das Wörtchen ''{BLANK}'' nicht wär, wär ich heute {BLANK}.', 'If wishes were {BLANK}, {BLANK} would ride.'),
(11, 1, 'Ein wahrer Freund würde jederzeit {BLANK}.', 'A true friend would {BLANK} anytime.'),
(12, 1, 'Es ist eine Schande, dass Kinder heutzutage in {BLANK} hineingezogen werden,', 'Es ist eine Schande, dass Kinder heutzutage in {BLANK} hineingezogen werden,'),
(13, 1, 'Was ist Batmans heimliches Laster? {BLANK}', 'Was ist Batmans heimliches Laster? {BLANK}'),
(14, 2, 'Und der Oscar für {BLANK} geht an {BLANK}.', 'Und der Oscar für {BLANK} geht an {BLANK}.'),
(15, 2, 'Bei meinem nächsten Zaubertrick werde ich {BLANK} aus einem {BLANK} holen.', 'Bei meinem nächsten Zaubertrick werde ich {BLANK} aus einem {BLANK} holen.'),
(16, 1, 'Was hast du aus Mexiko mitgebracht? {BLANK}', 'Was hast du aus Mexiko mitgebracht? {BLANK}'),
(17, 1, '{BLANK}. Einmal gepoppt, nie mehr gestoppt.', '{BLANK}. Einmal gepoppt, nie mehr gestoppt.'),
(18, 1, 'Was ist meine geheime Kraft? {BLANK}', 'Was ist meine geheime Kraft? {BLANK}'),
(19, 1, 'Warum tut mir alles weh? {BLANK}', 'Warum tut mir alles weh? {BLANK}'),
(20, 1, 'Weiße Menschen sind wie {BLANK}.', 'Weiße Menschen sind wie {BLANK}.'),
(21, 1, '{BLANK} ist was Frauen wollen.', '{BLANK} ist was Frauen wollen.'),
(22, 1, 'Was ist am meisten emo? {BLANK}', 'Was ist am meisten emo? {BLANK}'),
(23, 1, 'Warum bin ich verklebt? {BLANK}', 'Warum bin ich verklebt? {BLANK}'),
(24, 1, 'Die geheime Leidenschaft Angela Merkels ist {BLANK}', 'Die geheime Leidenschaft Angela Merkels ist {BLANK}'),
(25, 1, 'Was lässt mich unkontrolliert furzen? {BLANK}', 'Was lässt mich unkontrolliert furzen? {BLANK}'),
(26, 0, 'Was ist das für ein Geruch? {BLANK]', 'Was ist das für ein Geruch? {BLANK]'),
(27, 1, 'Während des Sex denke ich meistens über {BLANK} nach', 'Während des Sex denke ich meistens über {BLANK} nach'),
(28, 1, '{BLANK}: Gut bis zum letzten Tropfen', '{BLANK}: Gut bis zum letzten Tropfen'),
(29, 1, 'Beim Sex halte ich mich am liebsten an {BLANK} fest', 'Beim Sex halte ich mich am liebsten an {BLANK} fest'),
(30, 1, 'In meiner Freizeit ergötze ich mich gerne an {BLANK}', 'In meiner Freizeit ergötze ich mich gerne an {BLANK}'),
(31, 1, 'Wenn ich traurig bin, heitert mich {BLANK} auf', 'Wenn ich traurig bin, heitert mich {BLANK} auf'),
(32, 2, 'Ihr seid so {BLANK}, wenn ich mit euch fertig bin dann {BLANK}', 'Ihr seid so {BLANK}, wenn ich mit euch fertig bin dann {BLANK}'),
(33, 1, 'Was ist am krustigsten? {BLANK}', 'Was ist am krustigsten? {BLANK}'),
(34, 2, 'Als ich auf LSD war, verwandelte sich {BLANK} in {BLANK}', 'Als ich auf LSD war, verwandelte sich {BLANK} in {BLANK}'),
(35, 1, 'Alle guten Dinge sind {BLANK}', 'Alle guten Dinge sind {BLANK}'),
(36, 1, 'Schritt 1: {BLANK}. Schritt 2:{BLANK}. Schritt 3: Profit', 'Schritt 1: {BLANK}. Schritt 2:{BLANK}. Schritt 3: Profit'),
(37, 3, '{BLANK} + {BLANK}  = {BLANK}', '{BLANK} + {BLANK}  = {BLANK}'),
(38, 1, 'Die Klassenfahrt wurde durch {BLANK} völlig ruiniert', 'Die Klassenfahrt wurde durch {BLANK} völlig ruiniert'),
(39, 1, 'Die Klassenfahrt wurde durch {BLANK} zum Hit', 'Die Klassenfahrt wurde durch {BLANK} zum Hit'),
(40, 2, 'Was ist dieses Geräusch? {BLANK} beim {BLANK}', 'Was ist dieses Geräusch? {BLANK} beim {BLANK}'),
(41, 1, 'Was riecht hier so? {BLANK}', 'Was riecht hier so? {BLANK}'),
(42, 1, 'Das fühlt sich an wie {BLANK}', 'Das fühlt sich an wie {BLANK}'),
(43, 1, 'Ich trinke um {BLANK} zu vergessen', 'Ich trinke um {BLANK} zu vergessen'),
(44, 2, '{BLANK} schmeckt wie {BLANK}', '{BLANK} schmeckt wie {BLANK}'),
(45, 1, 'Was hilft Obama beim Entspannen? {BLANK}', 'Was hilft Obama beim Entspannen? {BLANK}');

-- --------------------------------------------------------

--
-- Table structure for table `user`
--

CREATE TABLE IF NOT EXISTS `user` (
  `email` varchar(100) NOT NULL,
  `username` varchar(20) NOT NULL,
  `credit` int(11) NOT NULL,
  `pwd` tinyblob NOT NULL,
  `salt` tinyblob NOT NULL,
  PRIMARY KEY (`email`),
  UNIQUE KEY `email` (`email`),
  KEY `email_2` (`email`)
) ENGINE=InnoDB DEFAULT CHARSET=utf8;

--
-- Dumping data for table `user`
--

INSERT INTO `user` (`email`, `username`, `credit`, `pwd`, `salt`) VALUES
('a@a.com', 'aaa', 0, 0x96f98b18a067bd3d5e1fb28957b0776762e8e6b8, 0xcd90398a5d2166d8),
('a@gmail.com', 'gmail', 1, 0x116999e86ef14fd4037ad4d1e51af6ed36a870f0, 0x5d57d95bac82712d),
('anna.bolika@hs-kl.de', 'anna', 0, 0x7e8f2d2e49aac53fef90ddab6328ecaf13b2d7b1, 0x457dadba767a1405),
('dany@d.com', 'dany', 210, 0x40c0d75d3aa119f6f1d9f76b4c37603ab0af87d7, 0x5bef61b5023e7d17),
('dominicgafiuk@gmail.com', 'Draco', 410, 0xf28fd5d48823c1e1aa5af3ffbf1d36fcf9cae494, 0x1fea23ba3258ab18),
('harry.potter@hs-kl.de', 'harry', 1, 0x6b5dea4866726fcf5cd7ebbb388bc9c4cf0b2e89, 0x811447965c1ca3dc),
('phineliner@gmx.net', 'kaeften', 450, 0x17e8bda6d85c44e79fc5a7551f232bb486448c41, 0xb5198f0616f7a151),
('vima0001@hs-kl.de', 'vima', 390, 0x72cb5eca50bad0a68bfa46a1d2a3f085b1c9029d, 0xcbcb1f2b97558ea0),
('waler@waler.com', 'waler', 310, 0xe417b9da1cfcb0abade54228d09714ef6a03be78, 0xe1eb92840fd39a5a);

-- --------------------------------------------------------

--
-- Table structure for table `user_repository_cards`
--

CREATE TABLE IF NOT EXISTS `user_repository_cards` (
  `USER_ID` varchar(100) NOT NULL,
  `WHITECARD_ID` int(11) NOT NULL,
  PRIMARY KEY (`USER_ID`,`WHITECARD_ID`),
  KEY `WHITECARD_ID` (`WHITECARD_ID`)
) ENGINE=InnoDB DEFAULT CHARSET=utf8;

--
-- Dumping data for table `user_repository_cards`
--

INSERT INTO `user_repository_cards` (`USER_ID`, `WHITECARD_ID`) VALUES
('a@a.com', 1),
('a@gmail.com', 1),
('anna.bolika@hs-kl.de', 1),
('dany@d.com', 1),
('dominicgafiuk@gmail.com', 1),
('harry.potter@hs-kl.de', 1),
('phineliner@gmx.net', 1),
('vima0001@hs-kl.de', 1),
('waler@waler.com', 1),
('a@a.com', 2),
('a@gmail.com', 2),
('anna.bolika@hs-kl.de', 2),
('dany@d.com', 2),
('dominicgafiuk@gmail.com', 2),
('harry.potter@hs-kl.de', 2),
('phineliner@gmx.net', 2),
('vima0001@hs-kl.de', 2),
('waler@waler.com', 2),
('a@a.com', 3),
('a@gmail.com', 3),
('anna.bolika@hs-kl.de', 3),
('dany@d.com', 3),
('dominicgafiuk@gmail.com', 3),
('harry.potter@hs-kl.de', 3),
('phineliner@gmx.net', 3),
('vima0001@hs-kl.de', 3),
('waler@waler.com', 3),
('a@a.com', 4),
('a@gmail.com', 4),
('anna.bolika@hs-kl.de', 4),
('dany@d.com', 4),
('dominicgafiuk@gmail.com', 4),
('harry.potter@hs-kl.de', 4),
('phineliner@gmx.net', 4),
('vima0001@hs-kl.de', 4),
('waler@waler.com', 4),
('a@a.com', 5),
('a@gmail.com', 5),
('anna.bolika@hs-kl.de', 5),
('dany@d.com', 5),
('dominicgafiuk@gmail.com', 5),
('harry.potter@hs-kl.de', 5),
('phineliner@gmx.net', 5),
('vima0001@hs-kl.de', 5),
('waler@waler.com', 5),
('a@a.com', 6),
('a@gmail.com', 6),
('anna.bolika@hs-kl.de', 6),
('dany@d.com', 6),
('dominicgafiuk@gmail.com', 6),
('harry.potter@hs-kl.de', 6),
('phineliner@gmx.net', 6),
('vima0001@hs-kl.de', 6),
('waler@waler.com', 6),
('a@a.com', 7),
('a@gmail.com', 7),
('anna.bolika@hs-kl.de', 7),
('dany@d.com', 7),
('dominicgafiuk@gmail.com', 7),
('harry.potter@hs-kl.de', 7),
('phineliner@gmx.net', 7),
('vima0001@hs-kl.de', 7),
('waler@waler.com', 7),
('a@a.com', 8),
('a@gmail.com', 8),
('anna.bolika@hs-kl.de', 8),
('dany@d.com', 8),
('dominicgafiuk@gmail.com', 8),
('harry.potter@hs-kl.de', 8),
('phineliner@gmx.net', 8),
('vima0001@hs-kl.de', 8),
('waler@waler.com', 8),
('a@a.com', 9),
('a@gmail.com', 9),
('anna.bolika@hs-kl.de', 9),
('dany@d.com', 9),
('dominicgafiuk@gmail.com', 9),
('harry.potter@hs-kl.de', 9),
('phineliner@gmx.net', 9),
('vima0001@hs-kl.de', 9),
('waler@waler.com', 9),
('a@a.com', 10),
('a@gmail.com', 10),
('anna.bolika@hs-kl.de', 10),
('dany@d.com', 10),
('dominicgafiuk@gmail.com', 10),
('harry.potter@hs-kl.de', 10),
('phineliner@gmx.net', 10),
('vima0001@hs-kl.de', 10),
('waler@waler.com', 10),
('a@a.com', 11),
('a@gmail.com', 11),
('anna.bolika@hs-kl.de', 11),
('dany@d.com', 11),
('dominicgafiuk@gmail.com', 11),
('harry.potter@hs-kl.de', 11),
('phineliner@gmx.net', 11),
('vima0001@hs-kl.de', 11),
('waler@waler.com', 11),
('a@a.com', 12),
('a@gmail.com', 12),
('anna.bolika@hs-kl.de', 12),
('dany@d.com', 12),
('dominicgafiuk@gmail.com', 12),
('harry.potter@hs-kl.de', 12),
('phineliner@gmx.net', 12),
('vima0001@hs-kl.de', 12),
('waler@waler.com', 12),
('a@a.com', 13),
('a@gmail.com', 13),
('anna.bolika@hs-kl.de', 13),
('dany@d.com', 13),
('dominicgafiuk@gmail.com', 13),
('harry.potter@hs-kl.de', 13),
('phineliner@gmx.net', 13),
('vima0001@hs-kl.de', 13),
('waler@waler.com', 13),
('a@a.com', 14),
('a@gmail.com', 14),
('anna.bolika@hs-kl.de', 14),
('dany@d.com', 14),
('dominicgafiuk@gmail.com', 14),
('harry.potter@hs-kl.de', 14),
('phineliner@gmx.net', 14),
('vima0001@hs-kl.de', 14),
('waler@waler.com', 14),
('a@a.com', 15),
('a@gmail.com', 15),
('anna.bolika@hs-kl.de', 15),
('dany@d.com', 15),
('dominicgafiuk@gmail.com', 15),
('harry.potter@hs-kl.de', 15),
('phineliner@gmx.net', 15),
('vima0001@hs-kl.de', 15),
('waler@waler.com', 15),
('a@a.com', 16),
('a@gmail.com', 16),
('anna.bolika@hs-kl.de', 16),
('dany@d.com', 16),
('dominicgafiuk@gmail.com', 16),
('harry.potter@hs-kl.de', 16),
('phineliner@gmx.net', 16),
('vima0001@hs-kl.de', 16),
('waler@waler.com', 16),
('a@a.com', 17),
('a@gmail.com', 17),
('anna.bolika@hs-kl.de', 17),
('dany@d.com', 17),
('dominicgafiuk@gmail.com', 17),
('harry.potter@hs-kl.de', 17),
('phineliner@gmx.net', 17),
('vima0001@hs-kl.de', 17),
('waler@waler.com', 17),
('a@a.com', 18),
('a@gmail.com', 18),
('anna.bolika@hs-kl.de', 18),
('dany@d.com', 18),
('dominicgafiuk@gmail.com', 18),
('harry.potter@hs-kl.de', 18),
('phineliner@gmx.net', 18),
('vima0001@hs-kl.de', 18),
('waler@waler.com', 18),
('a@a.com', 19),
('a@gmail.com', 19),
('anna.bolika@hs-kl.de', 19),
('dany@d.com', 19),
('dominicgafiuk@gmail.com', 19),
('harry.potter@hs-kl.de', 19),
('phineliner@gmx.net', 19),
('vima0001@hs-kl.de', 19),
('waler@waler.com', 19),
('a@a.com', 20),
('a@gmail.com', 20),
('anna.bolika@hs-kl.de', 20),
('dany@d.com', 20),
('dominicgafiuk@gmail.com', 20),
('harry.potter@hs-kl.de', 20),
('phineliner@gmx.net', 20),
('vima0001@hs-kl.de', 20),
('waler@waler.com', 20),
('dany@d.com', 21),
('dominicgafiuk@gmail.com', 21),
('phineliner@gmx.net', 21),
('vima0001@hs-kl.de', 21),
('waler@waler.com', 21),
('dany@d.com', 22),
('dominicgafiuk@gmail.com', 22),
('phineliner@gmx.net', 22),
('vima0001@hs-kl.de', 22),
('waler@waler.com', 22),
('dany@d.com', 23),
('dominicgafiuk@gmail.com', 23),
('phineliner@gmx.net', 23),
('vima0001@hs-kl.de', 23),
('waler@waler.com', 23),
('dany@d.com', 24),
('dominicgafiuk@gmail.com', 24),
('phineliner@gmx.net', 24),
('vima0001@hs-kl.de', 24),
('waler@waler.com', 24),
('dany@d.com', 25),
('dominicgafiuk@gmail.com', 25),
('phineliner@gmx.net', 25),
('vima0001@hs-kl.de', 25),
('waler@waler.com', 25),
('dany@d.com', 26),
('dominicgafiuk@gmail.com', 26),
('phineliner@gmx.net', 26),
('vima0001@hs-kl.de', 26),
('waler@waler.com', 26),
('dany@d.com', 27),
('dominicgafiuk@gmail.com', 27),
('phineliner@gmx.net', 27),
('vima0001@hs-kl.de', 27),
('waler@waler.com', 27),
('dany@d.com', 28),
('dominicgafiuk@gmail.com', 28),
('phineliner@gmx.net', 28),
('vima0001@hs-kl.de', 28),
('waler@waler.com', 28),
('dany@d.com', 29),
('dominicgafiuk@gmail.com', 29),
('phineliner@gmx.net', 29),
('vima0001@hs-kl.de', 29),
('waler@waler.com', 29),
('dany@d.com', 30),
('dominicgafiuk@gmail.com', 30),
('phineliner@gmx.net', 30),
('vima0001@hs-kl.de', 30),
('waler@waler.com', 30),
('dany@d.com', 31),
('dominicgafiuk@gmail.com', 31),
('phineliner@gmx.net', 31),
('vima0001@hs-kl.de', 31),
('waler@waler.com', 31),
('dany@d.com', 32),
('dominicgafiuk@gmail.com', 32),
('phineliner@gmx.net', 32),
('vima0001@hs-kl.de', 32),
('waler@waler.com', 32),
('dany@d.com', 33),
('dominicgafiuk@gmail.com', 33),
('phineliner@gmx.net', 33),
('vima0001@hs-kl.de', 33),
('waler@waler.com', 33),
('dany@d.com', 34),
('dominicgafiuk@gmail.com', 34),
('phineliner@gmx.net', 34),
('vima0001@hs-kl.de', 34),
('waler@waler.com', 34),
('dany@d.com', 35),
('dominicgafiuk@gmail.com', 35),
('phineliner@gmx.net', 35),
('vima0001@hs-kl.de', 35),
('waler@waler.com', 35),
('dany@d.com', 36),
('dominicgafiuk@gmail.com', 36),
('phineliner@gmx.net', 36),
('vima0001@hs-kl.de', 36),
('waler@waler.com', 36),
('dany@d.com', 37),
('dominicgafiuk@gmail.com', 37),
('phineliner@gmx.net', 37),
('vima0001@hs-kl.de', 37),
('waler@waler.com', 37),
('dany@d.com', 38),
('dominicgafiuk@gmail.com', 38),
('phineliner@gmx.net', 38),
('vima0001@hs-kl.de', 38),
('waler@waler.com', 38),
('dany@d.com', 39),
('dominicgafiuk@gmail.com', 39),
('phineliner@gmx.net', 39),
('vima0001@hs-kl.de', 39),
('waler@waler.com', 39),
('dany@d.com', 40),
('dominicgafiuk@gmail.com', 40),
('phineliner@gmx.net', 40),
('vima0001@hs-kl.de', 40),
('waler@waler.com', 40),
('dany@d.com', 41),
('dominicgafiuk@gmail.com', 41),
('phineliner@gmx.net', 41),
('vima0001@hs-kl.de', 41),
('waler@waler.com', 41),
('dany@d.com', 42),
('dominicgafiuk@gmail.com', 42),
('phineliner@gmx.net', 42),
('vima0001@hs-kl.de', 42),
('waler@waler.com', 42),
('dany@d.com', 43),
('dominicgafiuk@gmail.com', 43),
('phineliner@gmx.net', 43),
('vima0001@hs-kl.de', 43),
('waler@waler.com', 43),
('dany@d.com', 44),
('dominicgafiuk@gmail.com', 44),
('phineliner@gmx.net', 44),
('vima0001@hs-kl.de', 44),
('waler@waler.com', 44),
('dany@d.com', 45),
('dominicgafiuk@gmail.com', 45),
('phineliner@gmx.net', 45),
('vima0001@hs-kl.de', 45),
('waler@waler.com', 45),
('dany@d.com', 46),
('dominicgafiuk@gmail.com', 46),
('phineliner@gmx.net', 46),
('vima0001@hs-kl.de', 46),
('waler@waler.com', 46),
('dany@d.com', 47),
('dominicgafiuk@gmail.com', 47),
('phineliner@gmx.net', 47),
('vima0001@hs-kl.de', 47),
('waler@waler.com', 47),
('dany@d.com', 48),
('dominicgafiuk@gmail.com', 48),
('phineliner@gmx.net', 48),
('vima0001@hs-kl.de', 48),
('waler@waler.com', 48),
('dany@d.com', 49),
('dominicgafiuk@gmail.com', 49),
('phineliner@gmx.net', 49),
('vima0001@hs-kl.de', 49),
('waler@waler.com', 49),
('dany@d.com', 50),
('dominicgafiuk@gmail.com', 50),
('phineliner@gmx.net', 50),
('vima0001@hs-kl.de', 50),
('waler@waler.com', 50),
('dany@d.com', 51),
('dominicgafiuk@gmail.com', 51),
('phineliner@gmx.net', 51),
('vima0001@hs-kl.de', 51),
('waler@waler.com', 51),
('dany@d.com', 52),
('dominicgafiuk@gmail.com', 52),
('phineliner@gmx.net', 52),
('vima0001@hs-kl.de', 52),
('waler@waler.com', 52),
('dany@d.com', 53),
('dominicgafiuk@gmail.com', 53),
('phineliner@gmx.net', 53),
('vima0001@hs-kl.de', 53),
('waler@waler.com', 53),
('dany@d.com', 54),
('dominicgafiuk@gmail.com', 54),
('phineliner@gmx.net', 54),
('vima0001@hs-kl.de', 54),
('waler@waler.com', 54),
('dany@d.com', 55),
('dominicgafiuk@gmail.com', 55),
('phineliner@gmx.net', 55),
('vima0001@hs-kl.de', 55),
('waler@waler.com', 55),
('dany@d.com', 56),
('dominicgafiuk@gmail.com', 56),
('phineliner@gmx.net', 56),
('vima0001@hs-kl.de', 56),
('waler@waler.com', 56),
('dany@d.com', 57),
('dominicgafiuk@gmail.com', 57),
('phineliner@gmx.net', 57),
('vima0001@hs-kl.de', 57),
('waler@waler.com', 57),
('dany@d.com', 58),
('dominicgafiuk@gmail.com', 58),
('phineliner@gmx.net', 58),
('vima0001@hs-kl.de', 58),
('waler@waler.com', 58),
('dany@d.com', 59),
('dominicgafiuk@gmail.com', 59),
('phineliner@gmx.net', 59),
('vima0001@hs-kl.de', 59),
('waler@waler.com', 59),
('dany@d.com', 60),
('dominicgafiuk@gmail.com', 60),
('phineliner@gmx.net', 60),
('vima0001@hs-kl.de', 60),
('waler@waler.com', 60),
('dany@d.com', 61),
('dominicgafiuk@gmail.com', 61),
('phineliner@gmx.net', 61),
('vima0001@hs-kl.de', 61),
('waler@waler.com', 61),
('dany@d.com', 62),
('dominicgafiuk@gmail.com', 62),
('phineliner@gmx.net', 62),
('vima0001@hs-kl.de', 62),
('waler@waler.com', 62),
('dany@d.com', 63),
('dominicgafiuk@gmail.com', 63),
('phineliner@gmx.net', 63),
('vima0001@hs-kl.de', 63),
('waler@waler.com', 63),
('dany@d.com', 64),
('dominicgafiuk@gmail.com', 64),
('phineliner@gmx.net', 64),
('vima0001@hs-kl.de', 64),
('waler@waler.com', 64),
('dany@d.com', 65),
('dominicgafiuk@gmail.com', 65),
('phineliner@gmx.net', 65),
('vima0001@hs-kl.de', 65),
('waler@waler.com', 65),
('dany@d.com', 66),
('dominicgafiuk@gmail.com', 66),
('phineliner@gmx.net', 66),
('vima0001@hs-kl.de', 66),
('waler@waler.com', 66),
('dany@d.com', 67),
('dominicgafiuk@gmail.com', 67),
('phineliner@gmx.net', 67),
('vima0001@hs-kl.de', 67),
('waler@waler.com', 67),
('dany@d.com', 68),
('dominicgafiuk@gmail.com', 68),
('phineliner@gmx.net', 68),
('vima0001@hs-kl.de', 68),
('waler@waler.com', 68),
('dany@d.com', 69),
('dominicgafiuk@gmail.com', 69),
('phineliner@gmx.net', 69),
('vima0001@hs-kl.de', 69),
('waler@waler.com', 69),
('dany@d.com', 70),
('dominicgafiuk@gmail.com', 70),
('phineliner@gmx.net', 70),
('vima0001@hs-kl.de', 70),
('waler@waler.com', 70),
('dany@d.com', 71),
('dominicgafiuk@gmail.com', 71),
('phineliner@gmx.net', 71),
('vima0001@hs-kl.de', 71),
('waler@waler.com', 71),
('dany@d.com', 72),
('dominicgafiuk@gmail.com', 72),
('phineliner@gmx.net', 72),
('vima0001@hs-kl.de', 72),
('waler@waler.com', 72),
('dany@d.com', 73),
('dominicgafiuk@gmail.com', 73),
('phineliner@gmx.net', 73),
('vima0001@hs-kl.de', 73),
('waler@waler.com', 73),
('dany@d.com', 74),
('dominicgafiuk@gmail.com', 74),
('phineliner@gmx.net', 74),
('vima0001@hs-kl.de', 74),
('waler@waler.com', 74),
('dany@d.com', 75),
('dominicgafiuk@gmail.com', 75),
('phineliner@gmx.net', 75),
('vima0001@hs-kl.de', 75),
('waler@waler.com', 75),
('dany@d.com', 76),
('dominicgafiuk@gmail.com', 76),
('phineliner@gmx.net', 76),
('vima0001@hs-kl.de', 76),
('waler@waler.com', 76),
('dany@d.com', 77),
('dominicgafiuk@gmail.com', 77),
('phineliner@gmx.net', 77),
('vima0001@hs-kl.de', 77),
('waler@waler.com', 77),
('dany@d.com', 78),
('dominicgafiuk@gmail.com', 78),
('phineliner@gmx.net', 78),
('vima0001@hs-kl.de', 78),
('waler@waler.com', 78),
('dany@d.com', 79),
('dominicgafiuk@gmail.com', 79),
('phineliner@gmx.net', 79),
('vima0001@hs-kl.de', 79),
('waler@waler.com', 79),
('dany@d.com', 80),
('dominicgafiuk@gmail.com', 80),
('phineliner@gmx.net', 80),
('vima0001@hs-kl.de', 80),
('waler@waler.com', 80),
('dany@d.com', 81),
('dominicgafiuk@gmail.com', 81),
('phineliner@gmx.net', 81),
('vima0001@hs-kl.de', 81),
('waler@waler.com', 81),
('dany@d.com', 82),
('dominicgafiuk@gmail.com', 82),
('phineliner@gmx.net', 82),
('vima0001@hs-kl.de', 82),
('waler@waler.com', 82),
('dany@d.com', 83),
('dominicgafiuk@gmail.com', 83),
('phineliner@gmx.net', 83),
('vima0001@hs-kl.de', 83),
('waler@waler.com', 83),
('dany@d.com', 84),
('dominicgafiuk@gmail.com', 84),
('phineliner@gmx.net', 84),
('vima0001@hs-kl.de', 84),
('waler@waler.com', 84),
('dany@d.com', 85),
('dominicgafiuk@gmail.com', 85),
('phineliner@gmx.net', 85),
('vima0001@hs-kl.de', 85),
('waler@waler.com', 85),
('dany@d.com', 86),
('dominicgafiuk@gmail.com', 86),
('phineliner@gmx.net', 86),
('vima0001@hs-kl.de', 86),
('waler@waler.com', 86),
('dany@d.com', 87),
('dominicgafiuk@gmail.com', 87),
('phineliner@gmx.net', 87),
('vima0001@hs-kl.de', 87),
('waler@waler.com', 87),
('dany@d.com', 88),
('dominicgafiuk@gmail.com', 88),
('phineliner@gmx.net', 88),
('vima0001@hs-kl.de', 88),
('waler@waler.com', 88),
('dany@d.com', 89),
('dominicgafiuk@gmail.com', 89),
('phineliner@gmx.net', 89),
('vima0001@hs-kl.de', 89),
('waler@waler.com', 89),
('dany@d.com', 90),
('dominicgafiuk@gmail.com', 90),
('phineliner@gmx.net', 90),
('vima0001@hs-kl.de', 90),
('waler@waler.com', 90),
('dany@d.com', 91),
('dominicgafiuk@gmail.com', 91),
('phineliner@gmx.net', 91),
('vima0001@hs-kl.de', 91),
('waler@waler.com', 91),
('dany@d.com', 92),
('dominicgafiuk@gmail.com', 92),
('phineliner@gmx.net', 92),
('vima0001@hs-kl.de', 92),
('waler@waler.com', 92),
('dany@d.com', 93),
('dominicgafiuk@gmail.com', 93),
('phineliner@gmx.net', 93),
('vima0001@hs-kl.de', 93),
('waler@waler.com', 93),
('dany@d.com', 94),
('dominicgafiuk@gmail.com', 94),
('phineliner@gmx.net', 94),
('vima0001@hs-kl.de', 94),
('waler@waler.com', 94),
('dany@d.com', 95),
('dominicgafiuk@gmail.com', 95),
('phineliner@gmx.net', 95),
('vima0001@hs-kl.de', 95),
('waler@waler.com', 95),
('dany@d.com', 96),
('dominicgafiuk@gmail.com', 96),
('phineliner@gmx.net', 96),
('vima0001@hs-kl.de', 96),
('waler@waler.com', 96),
('dany@d.com', 97),
('dominicgafiuk@gmail.com', 97),
('phineliner@gmx.net', 97),
('vima0001@hs-kl.de', 97),
('waler@waler.com', 97),
('dany@d.com', 98),
('dominicgafiuk@gmail.com', 98),
('phineliner@gmx.net', 98),
('vima0001@hs-kl.de', 98),
('waler@waler.com', 98),
('dany@d.com', 99),
('dominicgafiuk@gmail.com', 99),
('phineliner@gmx.net', 99),
('vima0001@hs-kl.de', 99),
('waler@waler.com', 99),
('dany@d.com', 100),
('dominicgafiuk@gmail.com', 100),
('phineliner@gmx.net', 100),
('vima0001@hs-kl.de', 100),
('waler@waler.com', 100),
('dany@d.com', 101),
('dominicgafiuk@gmail.com', 101),
('phineliner@gmx.net', 101),
('vima0001@hs-kl.de', 101),
('waler@waler.com', 101),
('dany@d.com', 102),
('dominicgafiuk@gmail.com', 102),
('phineliner@gmx.net', 102),
('vima0001@hs-kl.de', 102),
('waler@waler.com', 102),
('dany@d.com', 103),
('dominicgafiuk@gmail.com', 103),
('phineliner@gmx.net', 103),
('vima0001@hs-kl.de', 103),
('waler@waler.com', 103),
('dany@d.com', 104),
('dominicgafiuk@gmail.com', 104),
('phineliner@gmx.net', 104),
('vima0001@hs-kl.de', 104),
('waler@waler.com', 104),
('dany@d.com', 105),
('dominicgafiuk@gmail.com', 105),
('phineliner@gmx.net', 105),
('vima0001@hs-kl.de', 105),
('waler@waler.com', 105),
('dany@d.com', 106),
('dominicgafiuk@gmail.com', 106),
('phineliner@gmx.net', 106),
('vima0001@hs-kl.de', 106),
('waler@waler.com', 106),
('dany@d.com', 107),
('dominicgafiuk@gmail.com', 107),
('phineliner@gmx.net', 107),
('vima0001@hs-kl.de', 107),
('waler@waler.com', 107),
('dany@d.com', 108),
('dominicgafiuk@gmail.com', 108),
('phineliner@gmx.net', 108),
('vima0001@hs-kl.de', 108),
('waler@waler.com', 108),
('dany@d.com', 109),
('dominicgafiuk@gmail.com', 109),
('phineliner@gmx.net', 109),
('vima0001@hs-kl.de', 109),
('waler@waler.com', 109),
('dany@d.com', 110),
('dominicgafiuk@gmail.com', 110),
('phineliner@gmx.net', 110),
('vima0001@hs-kl.de', 110),
('waler@waler.com', 110),
('dany@d.com', 111),
('dominicgafiuk@gmail.com', 111),
('phineliner@gmx.net', 111),
('vima0001@hs-kl.de', 111),
('waler@waler.com', 111),
('dany@d.com', 112),
('dominicgafiuk@gmail.com', 112),
('phineliner@gmx.net', 112),
('vima0001@hs-kl.de', 112),
('waler@waler.com', 112),
('dany@d.com', 113),
('dominicgafiuk@gmail.com', 113),
('phineliner@gmx.net', 113),
('vima0001@hs-kl.de', 113),
('waler@waler.com', 113),
('dany@d.com', 114),
('dominicgafiuk@gmail.com', 114),
('phineliner@gmx.net', 114),
('vima0001@hs-kl.de', 114),
('waler@waler.com', 114),
('dany@d.com', 115),
('dominicgafiuk@gmail.com', 115),
('phineliner@gmx.net', 115),
('vima0001@hs-kl.de', 115),
('waler@waler.com', 115),
('dany@d.com', 116),
('dominicgafiuk@gmail.com', 116),
('phineliner@gmx.net', 116),
('vima0001@hs-kl.de', 116),
('waler@waler.com', 116),
('dany@d.com', 117),
('dominicgafiuk@gmail.com', 117),
('phineliner@gmx.net', 117),
('vima0001@hs-kl.de', 117),
('waler@waler.com', 117),
('dany@d.com', 118),
('dominicgafiuk@gmail.com', 118),
('phineliner@gmx.net', 118),
('vima0001@hs-kl.de', 118),
('waler@waler.com', 118),
('dany@d.com', 119),
('dominicgafiuk@gmail.com', 119),
('phineliner@gmx.net', 119),
('vima0001@hs-kl.de', 119),
('waler@waler.com', 119),
('dany@d.com', 120),
('dominicgafiuk@gmail.com', 120),
('phineliner@gmx.net', 120),
('vima0001@hs-kl.de', 120),
('waler@waler.com', 120),
('dany@d.com', 121),
('dominicgafiuk@gmail.com', 121),
('phineliner@gmx.net', 121),
('vima0001@hs-kl.de', 121),
('waler@waler.com', 121),
('dany@d.com', 122),
('dominicgafiuk@gmail.com', 122),
('phineliner@gmx.net', 122),
('vima0001@hs-kl.de', 122),
('waler@waler.com', 122),
('dany@d.com', 123),
('dominicgafiuk@gmail.com', 123),
('phineliner@gmx.net', 123),
('vima0001@hs-kl.de', 123),
('waler@waler.com', 123),
('dany@d.com', 124),
('dominicgafiuk@gmail.com', 124),
('phineliner@gmx.net', 124),
('vima0001@hs-kl.de', 124),
('waler@waler.com', 124),
('dany@d.com', 125),
('dominicgafiuk@gmail.com', 125),
('phineliner@gmx.net', 125),
('vima0001@hs-kl.de', 125),
('waler@waler.com', 125),
('dany@d.com', 126),
('dominicgafiuk@gmail.com', 126),
('phineliner@gmx.net', 126),
('vima0001@hs-kl.de', 126),
('waler@waler.com', 126),
('dany@d.com', 127),
('dominicgafiuk@gmail.com', 127),
('phineliner@gmx.net', 127),
('vima0001@hs-kl.de', 127),
('waler@waler.com', 127),
('dany@d.com', 128),
('dominicgafiuk@gmail.com', 128),
('phineliner@gmx.net', 128),
('vima0001@hs-kl.de', 128),
('waler@waler.com', 128),
('dany@d.com', 129),
('dominicgafiuk@gmail.com', 129),
('phineliner@gmx.net', 129),
('vima0001@hs-kl.de', 129),
('waler@waler.com', 129),
('dany@d.com', 130),
('dominicgafiuk@gmail.com', 130),
('phineliner@gmx.net', 130),
('vima0001@hs-kl.de', 130),
('waler@waler.com', 130);

-- --------------------------------------------------------

--
-- Table structure for table `whitecard`
--

CREATE TABLE IF NOT EXISTS `whitecard` (
  `id` int(11) NOT NULL AUTO_INCREMENT,
  `deDE` text NOT NULL,
  `enUS` text NOT NULL,
  PRIMARY KEY (`id`)
) ENGINE=InnoDB  DEFAULT CHARSET=utf8 AUTO_INCREMENT=132 ;

--
-- Dumping data for table `whitecard`
--

INSERT INTO `whitecard` (`id`, `deDE`, `enUS`) VALUES
(1, 'Zuckersüchtige Ferkel', 'sugar addicted piglets'),
(2, 'angenehm warmer Wachs', 'joyful warm wax'),
(3, 'Regenbogenpony', 'rainbow pony'),
(4, 'Eine Duftnote hinterlassen', 'left a scent behind'),
(5, 'Sich Gel in die Haare schmieren', 'lubricating styling gel in ones hair'),
(6, 'Nasenhare zupfen', 'plucking nose hairs'),
(7, 'Mundgeruch', 'bad breath'),
(8, 'Korrupte Polizisten', 'corrupt policemen'),
(9, 'Eine Sirene nachahmen', 'imitating a sirene'),
(10, 'Schach mit Würfeln', 'chess with dices'),
(11, 'Gut riechender Furz', 'good smelling fart'),
(12, 'Wattebällchen', 'cotton balls'),
(13, 'Nagelpilz', 'nail fungus'),
(14, 'Fußpilz', 'athlete''s foot'),
(15, 'Jemanden am Einparken hindern', 'preventing someone on parking'),
(16, 'Kinder erschrecken', 'scare children'),
(17, 'Tränengas', 'tear gas'),
(18, 'Während des Unterrichts Brot toasten', 'toast bread during class'),
(19, 'Seine Schuhe auf einem Zebrastreifen binden', 'tying shoes on a crosswalk'),
(20, 'erst losfahren wenn die Ampel gelb wird', 'only start driving when the traffic light turns yellow'),
(21, 'Ein Zigeunerfluch', 'Ein Zigeunerfluch'),
(22, 'Ein Moment der Stille', 'Ein Moment der Stille'),
(23, 'Würstchen-Party', 'Würstchen-Party'),
(24, 'Hungersnot', 'Hungersnot'),
(25, 'Fleischfressende Bakterien', 'Fleischfressende Bakterien'),
(26, 'Fliegende Sex-Schlangen', 'Fliegende Sex-Schlangen'),
(27, 'Einen Scheiß um die Dritte-Welt kümmern.', 'Einen Scheiß um die Dritte-Welt kümmern.'),
(28, 'Pornostars', 'Pornostars'),
(29, 'Vergewaltigen und plündern.', 'Vergewaltigen und plündern.'),
(30, '72 Jungfrauen', '72 Jungfrauen'),
(31, 'Drive-by shooting', 'Drive-by shooting'),
(32, 'Kantinenfrass', 'Kantinenfrass'),
(33, 'Vaterkomplexe', 'Vaterkomplexe'),
(34, 'Dominic', 'Dominic'),
(35, 'Dominic', 'Dominic'),
(36, 'Dominic', 'Dominic'),
(37, 'Dominic', 'Dominic'),
(38, 'Berater', 'Berater'),
(39, 'Völlig nackt', 'Völlig nackt'),
(40, 'Hormonspritzen', 'Hormonspritzen'),
(41, 'Ein Ei legen', 'Ein Ei legen'),
(42, 'Vorgeben zu verhüten', 'Vorgeben zu verhüten'),
(43, 'Popel', 'Popel'),
(44, 'Es rausholen', 'Es rausholen'),
(45, 'Eheliche Pflichten', 'Eheliche Pflichten'),
(46, 'Der Burgerklau', 'Der Burgerklau'),
(47, 'BATMAN!!!', 'BATMAN!!!'),
(48, 'Landwirtschaft', 'Landwirtschaft'),
(49, 'Natürliche Selektion', 'Natürliche Selektion'),
(50, 'Michelle Obamas Arme', 'Michelle Obamas Arme'),
(51, 'Alle Kekse vor einem AIDS Spendenverkauf essen', 'Alle Kekse vor einem AIDS Spendenverkauf essen'),
(52, 'Fettleibigkeit', 'Fettleibigkeit'),
(53, 'Ein homoerotischer Volleyball-Zusammenschnitt', 'Ein homoerotischer Volleyball-Zusammenschnitt'),
(54, 'Eine Anmache', 'Eine Anmache'),
(55, 'Heißer Käße', 'Heißer Käße'),
(56, 'Sein T-Shirt ausziehen', 'Sein T-Shirt ausziehen'),
(57, 'Smegma', 'Smegma'),
(58, 'Alkoholismsus', 'Alkoholismsus'),
(59, 'Übergroße Lollis', 'Übergroße Lollis'),
(60, 'Selbsthass', 'Selbsthass'),
(61, 'Kinder an einer Leine', 'Kinder an einer Leine'),
(62, 'Gebleichtes Arschloch', 'Gebleichtes Arschloch'),
(63, 'Kinder mit Arschkrebs', 'Kinder mit Arschkrebs'),
(64, 'Die Juden', 'Die Juden'),
(65, 'Geruch alter Leute', 'Geruch alter Leute'),
(66, 'Kinderpornos', 'Kinderpornos'),
(67, 'Armen Leuten ihr Essen klauen', 'Armen Leuten ihr Essen klauen'),
(68, 'Kinder die fressen was ich wegwerfe', 'Kinder die fressen was ich wegwerfe'),
(69, 'Spongebob', 'Spongebob'),
(70, 'Michael Jackson', 'Michael Jackson'),
(71, 'Minderheiten beschimpfen', 'Minderheiten beschimpfen'),
(72, 'Schwanzkampf um das letzte Snickers', 'Schwanzkampf um das letzte Snickers'),
(73, 'Dünschiss', 'Dünschiss'),
(74, 'Den eigenen Namen mit Kacke an die Wand schmieren', 'Den eigenen Namen mit Kacke an die Wand schmieren'),
(75, 'sich einnässen', 'sich einnässen'),
(76, 'Eiterpickel ausdrücken', 'Eiterpickel ausdrücken'),
(77, 'Schulranzen', 'Schulranzen'),
(78, 'Kinderbett', 'Kinderbett'),
(79, 'Furzen obwohl man Durchfall hat', 'Furzen obwohl man Durchfall hat'),
(80, 'Haare alter Leute', 'Haare alter Leute'),
(81, 'Kleidung vermisster Kinder', 'Kleidung vermisster Kinder'),
(82, 'Schmerzen im Glied', 'Schmerzen im Glied'),
(83, 'Vaterkomplex', 'Vaterkomplex'),
(84, 'lebendig begraben werden', 'lebendig begraben werden'),
(85, 'tight', 'tight'),
(86, 'burnts', 'burnts'),
(87, 'geil', 'geil'),
(88, 'eingeschissen', 'eingeschissen'),
(89, 'nicht Leonardo Dicaprio', 'nicht Leonardo Dicaprio'),
(90, 'Wolverine umarmen', 'Wolverine umarmen'),
(91, 'an kleinen Kindern riechen', 'an kleinen Kindern riechen'),
(92, 'Bremsstreifen', 'Bremsstreifen'),
(93, 'Menschenfleisch', 'Menschenfleisch'),
(94, 'sterben', 'sterben'),
(95, 'Eier', 'Eier'),
(96, 'Oma', 'Oma'),
(97, 'Furzen und einfach weggehen', 'Furzen und einfach weggehen'),
(98, 'Genitalschlacht', 'Genitalschlacht'),
(99, 'Genitalpiercings', 'Genitalpiercings'),
(100, 'In einem Pool voll von Kindertränen wichsen', 'In einem Pool von Kindertränen wichsen'),
(101, 'mein Sexleben', 'mein Sexleben'),
(102, 'Arnold Schwarzenegger', 'Arnold Schwarzenegger'),
(103, 'Justin Bieber', 'Justin Bieber'),
(104, 'Schwule verarschen', 'Schwule verarschen'),
(105, 'Asiaten die nicht gut in Mathe sind', 'Asiaten die nicht gut in Mathe sind'),
(106, 'Afrikanische Kinder', 'Afrikanische Kinder'),
(107, 'Kaputte Kondome', 'Kaputte Kondome'),
(108, 'Ein Mikropenis', 'Ein Mikropenis'),
(109, 'Siphilis', 'Siphilis'),
(110, 'Tote Kinder', 'Tote Kinder'),
(111, 'Nazis', 'Nazis'),
(112, 'Stephen Hawking beim Stöhnen', 'Stephen Hawking beim Stöhnen'),
(113, 'erotischer Fötus', 'erotischer Fötus'),
(114, 'Wenn man furzt und etwas Kacke mitkommt', 'Wenn man furzt und etwas Kacke mitkommt'),
(115, 'Analperlenkette', 'Analperlenkette'),
(116, 'alleine Alkohol trinken', 'alleine Alkohol trinken'),
(117, 'Vaginafürze', 'Vaginafürze'),
(118, 'Überraschungssex', 'Überraschungssex'),
(119, 'Nekrophilie', 'Nekrophilie'),
(120, 'Schwarze', 'Schwarze'),
(121, 'Randgruppen', 'Randgruppen'),
(122, 'Die Schwulen wegwünschen', 'Die Schwulen wegwünschen'),
(123, 'ein kleines Pferd', 'ein kleines Pferd'),
(124, 'Arme Leute', 'Arme Leute'),
(125, 'Obdachlose', 'Obdachlose'),
(126, 'Inzest', 'Inzest'),
(127, 'Panda Sex', 'Panda Sex'),
(128, 'Mundherpes', 'Mundherpes'),
(129, 'Tom Cruise', 'Tom Cruise'),
(130, 'Ein Pantomime der einen Schlaganfall hat', 'Ein Pantomime der einen Schlaganfall hat'),
(131, 'Schlecht getimte Holocaust Witze', 'Schlecht getimte Holocaust Witze');

-- --------------------------------------------------------

--
-- Table structure for table `whitecard_starter`
--

CREATE TABLE IF NOT EXISTS `whitecard_starter` (
  `WHITECARD_ID` int(11) NOT NULL,
  PRIMARY KEY (`WHITECARD_ID`),
  KEY `WHITECARD_ID` (`WHITECARD_ID`)
) ENGINE=InnoDB DEFAULT CHARSET=utf8;

--
-- Dumping data for table `whitecard_starter`
--

INSERT INTO `whitecard_starter` (`WHITECARD_ID`) VALUES
(1),
(2),
(3),
(4),
(5),
(6),
(7),
(8),
(9),
(10),
(11),
(12),
(13),
(14),
(15),
(16),
(17),
(18),
(19),
(20),
(21),
(22),
(23),
(24),
(25),
(26),
(27),
(28),
(29),
(30),
(31),
(32),
(33),
(34),
(35),
(36),
(37),
(38),
(39),
(40),
(41),
(42),
(43),
(44),
(45),
(46),
(47),
(48),
(49),
(50),
(51),
(52),
(53),
(54),
(55),
(56),
(57),
(58),
(59),
(60),
(61),
(62),
(63),
(64),
(65),
(66),
(67),
(68),
(69),
(70),
(71),
(72),
(73),
(74),
(75),
(76),
(77),
(78),
(79),
(80),
(81),
(82),
(83),
(84),
(85),
(86),
(87),
(88),
(89),
(90),
(91),
(92),
(93),
(94),
(95),
(96),
(97),
(98),
(99),
(100),
(101),
(102),
(103),
(104),
(105),
(106),
(107),
(108),
(109),
(110),
(111),
(112),
(113),
(114),
(115),
(116),
(117),
(118),
(119),
(120),
(121),
(122),
(123),
(124),
(125),
(126),
(127),
(128),
(129),
(130),
(131);

--
-- Constraints for dumped tables
--

--
-- Constraints for table `user_repository_cards`
--
ALTER TABLE `user_repository_cards`
  ADD CONSTRAINT `user_repository_cards_ibfk_1` FOREIGN KEY (`USER_ID`) REFERENCES `user` (`email`) ON DELETE CASCADE ON UPDATE CASCADE,
  ADD CONSTRAINT `user_repository_cards_ibfk_2` FOREIGN KEY (`WHITECARD_ID`) REFERENCES `whitecard` (`id`) ON DELETE CASCADE ON UPDATE CASCADE;

--
-- Constraints for table `whitecard_starter`
--
ALTER TABLE `whitecard_starter`
  ADD CONSTRAINT `whitecard_starter_ibfk_1` FOREIGN KEY (`WHITECARD_ID`) REFERENCES `whitecard` (`id`) ON DELETE CASCADE ON UPDATE CASCADE;

/*!40101 SET CHARACTER_SET_CLIENT=@OLD_CHARACTER_SET_CLIENT */;
/*!40101 SET CHARACTER_SET_RESULTS=@OLD_CHARACTER_SET_RESULTS */;
/*!40101 SET COLLATION_CONNECTION=@OLD_COLLATION_CONNECTION */;
